First_Name,Last_Name,Int_Emp_ID,Email,City,State,Zip_Code,Dept_Name,Dept_Number,Company_ID,Sup_ID
Trudie,Robbins,1,trobbins0@weibo.com,Boston,Massachusetts,2208,Business Development,6650,3104705100,1
Kate,Kingstne,2,kkingstne1@foxnews.com,Charleston,West Virginia,25336,Creative Services,6650,3104705100,2
Dickie,Ezzell,3,dezzell2@sfgate.com,Charleston,South Carolina,29424,Customer Service,6651,3104705100,3
Adara,Kohrsen,4,akohrsen3@accuweather.com,Vero Beach,Florida,32964,Accounting,6652,3104705100,4
Darcey,Ollerenshaw,5,dollerenshaw4@ucoz.com,San Antonio,Texas,78255,Human Resources,6653,3104705100,5
Maighdiln,Thickpenny,6,mthickpenny5@tamu.edu,Kansas City,Missouri,64153,Legal,6654,3104705100,6
Nichole,Dishman,7,ndishman6@elegantthemes.com,Tucson,Arizona,85715,Operations,6655,3104705100,7
Lavena,Cutcliffe,8,lcutcliffe7@whitehouse.gov,Littleton,Colorado,80127,Production,6656,3104705100,8
Bea,Marrion,9,bmarrion8@purevolume.com,Tampa,Florida,33686,Risk Management,6657,3104705100,9
Colleen,Tasch,10,ctasch9@vimeo.com,Dallas,Texas,75277,Marketing,6658,3104705100,10
Meade,Bockler,11,mbocklera@studiopress.com,Tyler,Texas,75799,Sales,6659,3104705100,11
Beau,Braferton,12,bbrafertonb@un.org,Miami,Florida,33147,Technology,6660,3104705100,12
Corny,McNally,13,cmcnallyc@princeton.edu,Augusta,Georgia,30911,General Management,6661,3104705100,13
Halie,Morsley,14,hmorsleyd@apple.com,Milwaukee,Wisconsin,53277,Engineering,6662,3104705100,14
Glynnis,Soppett,15,gsoppette@guardian.co.uk,Indianapolis,Indiana,46226,Investor Relations,6663,3104705100,15
Alonzo,Levecque,16,alevecquef@domainmarket.com,New York City,New York,10203,Product Management,6664,3104705100,16
Belicia,Bracey,17,bbraceyg@dagondesign.com,New York City,New York,10292,Quality Assurance,6665,3104705100,17
Jannel,Starford,18,jstarfordh@miibeian.gov.cn,Houston,Texas,77090,Strategic Initiatives & Programs,6666,3104705100,18
Erich,Maultby,19,emaultbyi@friendfeed.com,Minneapolis,Minnesota,55448,Board of Directors,6667,3104705100,19
Erica,Landsbury,20,elandsburyj@ocn.ne.jp,Greensboro,North Carolina,27425,Research and Development,6668,3104705100,20
Joanie,Padwick,21,jpadwickk@trellian.com,Shawnee Mission,Kansas,66215,Training,6669,3104705100,21
Tori,McGiffie,22,tmcgiffiel@nps.gov,Jacksonville,Florida,32209,Support,6670,3104705100,22
Rosy,Trelevan,23,rtrelevanm@weebly.com,Lubbock,Texas,79491,Asset Management,6671,3104705100,23
Simonette,Mintoft,24,smintoftn@time.com,Spokane,Washington,99210,Project Management,6672,3104705100,24
Jo-anne,Radenhurst,25,jradenhursto@sun.com,Aurora,Illinois,60505,IT,6673,3104705100,25
Sheilakathryn,Witchalls,26,switchallsp@prnewswire.com,Panama City,Florida,32405,Social Media,6674,3104705100,26
Cris,Haggidon,27,chaggidonq@spiegel.de,Richmond,Virginia,23242,Client Relations Management,6675,3104705100,27
Junia,Gimblet,28,jgimbletr@biglobe.ne.jp,Bronx,New York,10464,Corporate Communications,6676,3104705100,28
Leoine,Lumsdon,29,llumsdons@blog.com,Manassas,Virginia,22111,Sourcing,6677,3104705100,29
Mellicent,Spiaggia,30,mspiaggiat@skype.com,Pasadena,California,91199,Inspection,6678,3104705100,30
Sacha,Dulinty,31,sdulintyu@yolasite.com,Houston,Texas,77035,Business Development,6650,3104705100,1
Pedro,Ambroise,32,pambroisev@ocn.ne.jp,Minneapolis,Minnesota,55487,Creative Services,6650,3104705100,2
Samaria,Tomney,33,stomneyw@engadget.com,Fort Worth,Texas,76110,Customer Service,6651,3104705100,3
Ola,Wind,34,owindx@moonfruit.com,Pasadena,Texas,77505,Accounting,6652,3104705100,4
Jessalin,Oliphand,35,joliphandy@japanpost.jp,Beaverton,Oregon,97075,Human Resources,6653,3104705100,5
Johan,Dolton,36,jdoltonz@intel.com,Van Nuys,California,91499,Legal,6654,3104705100,6
Josefina,Dionisio,37,jdionisio10@example.com,Apache Junction,Arizona,85219,Operations,6655,3104705100,7
Selestina,Cornilleau,38,scornilleau11@nsw.gov.au,Boulder,Colorado,80328,Production,6656,3104705100,8
Darrelle,Roxburch,39,droxburch12@jigsy.com,San Bernardino,California,92415,Risk Management,6657,3104705100,9
Henrik,Hallihan,40,hhallihan13@linkedin.com,Boulder,Colorado,80310,Marketing,6658,3104705100,10
Nev,Brogi,41,nbrogi14@bing.com,Toledo,Ohio,43635,Sales,6659,3104705100,11
Shem,Hemeret,42,shemeret15@spiegel.de,Los Angeles,California,90081,Technology,6660,3104705100,12
Gabie,Btham,43,gbtham16@java.com,Shreveport,Louisiana,71115,General Management,6661,3104705100,13
Rachele,Essame,44,ressame17@imageshack.us,Jackson,Mississippi,39204,Engineering,6662,3104705100,14
Renaud,Basant,45,rbasant18@altervista.org,Suffolk,Virginia,23436,Investor Relations,6663,3104705100,15
Felita,Bodman,46,fbodman19@g.co,Madison,Wisconsin,53785,Product Management,6664,3104705100,16
Britt,Leathart,47,bleathart1a@nationalgeographic.com,Minneapolis,Minnesota,55428,Quality Assurance,6665,3104705100,17
Marthena,Tollett,48,mtollett1b@dagondesign.com,Richmond,Virginia,23289,Strategic Initiatives & Programs,6666,3104705100,18
Faunie,Pakes,49,fpakes1c@hao123.com,Oklahoma City,Oklahoma,73157,Board of Directors,6667,3104705100,19
Nadeen,McFaul,50,nmcfaul1d@odnoklassniki.ru,Iowa City,Iowa,52245,Research and Development,6668,3104705100,20
Glynda,Johns,51,gjohns1e@github.com,Tallahassee,Florida,32314,Training,6669,3104705100,21
Paulita,Dumbellow,52,pdumbellow1f@cam.ac.uk,Philadelphia,Pennsylvania,19104,Support,6670,3104705100,22
Arnoldo,Hailey,53,ahailey1g@thetimes.co.uk,Fredericksburg,Virginia,22405,Asset Management,6671,3104705100,23
Shepperd,Benitti,54,sbenitti1h@liveinternet.ru,Detroit,Michigan,48295,Project Management,6672,3104705100,24
Leslie,Jelf,55,ljelf1i@youku.com,Topeka,Kansas,66667,IT,6673,3104705100,25
Chip,Lissandrini,56,clissandrini1j@unblog.fr,New York City,New York,10150,Social Media,6674,3104705100,26
Teodorico,Philippsohn,57,tphilippsohn1k@reuters.com,Cincinnati,Ohio,45249,Client Relations Management,6675,3104705100,27
Tiffani,Eliesco,58,teliesco1l@nsw.gov.au,Palm Bay,Florida,32909,Corporate Communications,6676,3104705100,28
Lacy,Aslen,59,laslen1m@va.gov,Mansfield,Ohio,44905,Sourcing,6677,3104705100,29
Olivette,Jandera,60,ojandera1n@google.cn,Baton Rouge,Louisiana,70810,Inspection,6678,3104705100,30
Ewart,Sergean,61,esergean1o@bloomberg.com,Saint Cloud,Minnesota,56372,Business Development,6650,3104705100,1
Jamill,Trowsdale,62,jtrowsdale1p@engadget.com,New York City,New York,10105,Creative Services,6650,3104705100,2
Fletch,Pedro,63,fpedro1q@jalbum.net,Fort Worth,Texas,76147,Customer Service,6651,3104705100,3
Melanie,Gawne,64,mgawne1r@vimeo.com,El Paso,Texas,79994,Accounting,6652,3104705100,4
Kimberly,Petschel,65,kpetschel1s@mashable.com,Tacoma,Washington,98442,Human Resources,6653,3104705100,5
Mariana,Fardon,66,mfardon1t@altervista.org,Miami,Florida,33261,Legal,6654,3104705100,6
Lydon,Beckitt,67,lbeckitt1u@blogger.com,Metairie,Louisiana,70005,Operations,6655,3104705100,7
Zacharias,Yoselevitch,68,zyoselevitch1v@shinystat.com,New Orleans,Louisiana,70183,Production,6656,3104705100,8
Danny,Wickrath,69,dwickrath1w@weibo.com,New York City,New York,10125,Risk Management,6657,3104705100,9
Tate,Fiddiman,70,tfiddiman1x@netlog.com,Albuquerque,New Mexico,87190,Marketing,6658,3104705100,10
Lillian,Vearncomb,71,lvearncomb1y@goo.ne.jp,Fairbanks,Alaska,99709,Sales,6659,3104705100,11
Maddy,Takos,72,mtakos1z@jigsy.com,Montgomery,Alabama,36119,Technology,6660,3104705100,12
Pen,Buxey,73,pbuxey20@phoca.cz,South Bend,Indiana,46634,General Management,6661,3104705100,13
Jard,Dawes,74,jdawes21@google.pl,Chicago,Illinois,60663,Engineering,6662,3104705100,14
Berget,Pennycuick,75,bpennycuick22@hp.com,Austin,Texas,78769,Investor Relations,6663,3104705100,15
Reese,De la Yglesia,76,rdelayglesia23@nhs.uk,Inglewood,California,90310,Product Management,6664,3104705100,16
Sharon,O'Loghlen,77,sologhlen24@jigsy.com,Kansas City,Missouri,64153,Quality Assurance,6665,3104705100,17
Karlik,Barnhart,78,kbarnhart25@altervista.org,Pittsburgh,Pennsylvania,15230,Strategic Initiatives & Programs,6666,3104705100,18
Aleda,Clissett,79,aclissett26@seesaa.net,Chandler,Arizona,85246,Board of Directors,6667,3104705100,19
Lacey,Arsmith,80,larsmith27@paginegialle.it,Denver,Colorado,80299,Research and Development,6668,3104705100,20
Anestassia,Le Provost,81,aleprovost28@vkontakte.ru,Louisville,Kentucky,40210,Training,6669,3104705100,21
Cathe,McDarmid,82,cmcdarmid29@columbia.edu,Winston Salem,North Carolina,27110,Support,6670,3104705100,22
Netty,Baskwell,83,nbaskwell2a@jimdo.com,Portsmouth,New Hampshire,3804,Asset Management,6671,3104705100,23
Lula,Westlake,84,lwestlake2b@princeton.edu,Little Rock,Arkansas,72215,Project Management,6672,3104705100,24
Lucita,Rowet,85,lrowet2c@yellowbook.com,Jacksonville,Florida,32225,IT,6673,3104705100,25
Angil,Ashbolt,86,aashbolt2d@chron.com,Houston,Texas,77075,Social Media,6674,3104705100,26
Tod,Paige,87,tpaige2e@altervista.org,Fresno,California,93794,Client Relations Management,6675,3104705100,27
Udale,Gatling,88,ugatling2f@wikispaces.com,Los Angeles,California,90035,Corporate Communications,6676,3104705100,28
Eulalie,Dowzell,89,edowzell2g@cdbaby.com,Fresno,California,93726,Sourcing,6677,3104705100,29
Cordelie,Couves,90,ccouves2h@telegraph.co.uk,Roanoke,Virginia,24040,Inspection,6678,3104705100,30
Maggie,Cowterd,91,mcowterd2i@pbs.org,Saint Paul,Minnesota,55188,Business Development,6650,3104705100,1
Jemmy,Fanthome,92,jfanthome2j@whitehouse.gov,El Paso,Texas,79968,Creative Services,6650,3104705100,2
Warner,Linke,93,wlinke2k@wikia.com,Bryan,Texas,77806,Customer Service,6651,3104705100,3
Samuel,Nyssens,94,snyssens2l@msu.edu,Fort Lauderdale,Florida,33345,Accounting,6652,3104705100,4
Talbert,Confait,95,tconfait2m@howstuffworks.com,Montgomery,Alabama,36134,Human Resources,6653,3104705100,5
Ginevra,Flawn,96,gflawn2n@blogtalkradio.com,Baltimore,Maryland,21275,Legal,6654,3104705100,6
Carrissa,Beushaw,97,cbeushaw2o@cmu.edu,Milwaukee,Wisconsin,53215,Operations,6655,3104705100,7
Willey,Beesley,98,wbeesley2p@xing.com,Homestead,Florida,33034,Production,6656,3104705100,8
Wallas,Itzkin,99,witzkin2q@privacy.gov.au,Omaha,Nebraska,68117,Risk Management,6657,3104705100,9
Aindrea,Landsbury,100,alandsbury2r@webmd.com,New York City,New York,10270,Marketing,6658,3104705100,10
