Company_Name,Contact_Title,Contact_Name,Headquarter_Address,Email,Fax,Phone,Prosp_Client_ID
Flipstorm,Rev,Wainwright Tacey,8 Merchant Place,wtacey0@csmonitor.com,+63 (207) 228-1260,+63 (234) 291-4917,2236025599
Divape,Honorable,Oswell Hannant,00 Alpine Terrace,ohannant1@lulu.com,+351 (974) 635-3029,+46 (704) 718-0108,4771435731
Tanoodle,Mr,Roosevelt Caffery,3 Loeprich Center,rcaffery2@people.com.cn,+389 (503) 861-7417,+48 (392) 847-7563,8945823166
Trilith,Ms,Alidia Vern,671 Merchant Trail,avern3@about.me,+237 (836) 409-7322,+86 (470) 202-1068,3598540787
Yodoo,Honorable,Garland Figgins,062 Clyde Gallagher Road,gfiggins4@youtube.com,+33 (827) 416-4305,+86 (822) 401-8689,5532260761
Edgetag,Honorable,Carlyn Bantick,8806 Basil Parkway,cbantick5@businesswire.com,+380 (101) 702-9036,+52 (681) 163-1190,7714328193
Jabbertype,Honorable,Denny Ellershaw,5 Southridge Center,dellershaw6@oakley.com,+423 (344) 794-1947,+55 (467) 200-6988,2974294278
Riffpedia,Honorable,Woody Tatlock,76821 Karstens Way,wtatlock7@wunderground.com,+86 (484) 483-9964,+63 (556) 637-2943,3263142879
Jatri,Dr,Johna Thornborrow,806 Hollow Ridge Avenue,jthornborrow8@csmonitor.com,+353 (951) 496-6316,+234 (582) 748-2829,7853502575
Tagopia,Dr,Laureen Mabb,86713 North Plaza,lmabb9@infoseek.co.jp,+7 (649) 251-9147,+86 (833) 331-8054,0567485951
Bluejam,Ms,Avivah Smethurst,59089 Hallows Lane,asmethursta@ox.ac.uk,+357 (377) 637-7631,+86 (337) 996-7437,1174425458
Jetwire,Dr,Marion Caulier,56 Northridge Parkway,mcaulierb@sun.com,+374 (506) 967-3784,+51 (651) 752-4014,8700622001
Jabberstorm,Dr,Gillie Guiu,2 Warner Circle,gguiuc@github.io,+351 (326) 988-4594,+62 (862) 244-8307,0225799812
Voomm,Mrs,Mathilde Budgey,9369 Golf Trail,mbudgeyd@google.pl,+48 (139) 188-5939,+230 (620) 752-0459,9166283302
Yozio,Mrs,Cristie Toombes,3 Lukken Parkway,ctoombese@unblog.fr,+48 (517) 195-7787,+86 (493) 776-8526,8784378778
Voonte,Dr,Howie Biesterfeld,37 Doe Crossing Plaza,hbiesterfeldf@goo.gl,+63 (332) 234-7315,+358 (921) 397-0768,6867534198
Mita,Mrs,Idelle Kinnoch,197 Little Fleur Drive,ikinnochg@scientificamerican.com,+39 (178) 603-2512,+591 (960) 869-1947,3371738191
LiveZ,Ms,Eveleen Adamovitch,5 Susan Place,eadamovitchh@army.mil,+255 (270) 388-8078,+222 (629) 734-7147,9485808682
Voonder,Mrs,Putnam Blakebrough,31 Wayridge Street,pblakebroughi@google.co.jp,+352 (738) 420-5125,+33 (715) 693-5193,6609210217
Topicstorm,Mrs,Simona Desorts,59654 Bunting Court,sdesortsj@wufoo.com,+82 (623) 997-3607,+1 (634) 385-1325,7041062775
Divanoodle,Honorable,Alanah Vigours,2087 Porter Trail,avigoursk@reddit.com,+86 (839) 741-4139,+1 (619) 355-9529,6117699034
Wikido,Dr,Johnnie Keir,2765 Portage Road,jkeirl@forbes.com,+55 (259) 163-7589,+86 (739) 324-1327,0770244661
Feednation,Mrs,Jacquette Kerss,0 Veith Terrace,jkerssm@cloudflare.com,+66 (510) 505-2569,+86 (869) 631-4806,8116673416
Voomm,Ms,Keelby McGahern,27644 John Wall Park,kmcgahernn@berkeley.edu,+62 (938) 473-5781,+46 (970) 473-0061,0675556759
Rhynyx,Mr,Cosimo Gisborne,802 Basil Point,cgisborneo@usnews.com,+66 (937) 593-6909,+86 (771) 845-6304,7698896994
Bubblebox,Mr,Abbot Claughton,71528 Debra Crossing,aclaughtonp@deviantart.com,+62 (877) 979-8669,+86 (484) 903-5409,2230921711
Rhynyx,Mrs,Marcellus Wrates,53879 West Parkway,mwratesq@shop-pro.jp,+62 (523) 213-7919,+595 (819) 903-6573,8394869270
Skimia,Dr,Shaun Girtin,37 Golden Leaf Alley,sgirtinr@marriott.com,+86 (373) 534-3589,+92 (694) 356-3588,0875154573
Realcube,Dr,Ferdie Trobey,675 Gerald Point,ftrobeys@mozilla.com,+86 (627) 770-2668,+63 (701) 415-6184,5771562955
Meezzy,Mr,Corabelle Sutherley,31697 3rd Crossing,csutherleyt@dailymail.co.uk,+86 (591) 987-7699,+51 (896) 143-1554,6185142813
Thoughtstorm,Mrs,Kristofor Maxfield,9720 Browning Center,kmaxfieldu@joomla.org,+7 (436) 992-1104,+62 (671) 460-8512,7125916309
Plajo,Ms,Sid Connachan,09806 Ramsey Point,sconnachanv@com.com,+86 (837) 949-3700,+86 (716) 201-9950,2349454258
Skyble,Ms,Karalee Stickens,90782 Mifflin Circle,kstickensw@cnbc.com,+56 (805) 890-3247,+380 (362) 723-5449,6493807506
Kimia,Mr,Chaunce Wrathmall,490 Stuart Avenue,cwrathmallx@webs.com,+55 (601) 133-7908,+62 (938) 540-7954,8093969837
Centidel,Rev,Cyrille Dunbabin,88 Killdeer Drive,cdunbabiny@about.com,+62 (934) 823-7652,+86 (237) 166-3565,9405641190
Yodo,Mrs,Jeane Goodsal,7165 Longview Parkway,jgoodsalz@edublogs.org,+62 (156) 116-0861,+86 (962) 835-3547,3964277754
Photojam,Mrs,Victoir Windle,631 Tomscot Drive,vwindle10@hatena.ne.jp,+86 (963) 101-9912,+47 (286) 760-2867,6688515199
Centidel,Ms,Cilka Friedenbach,4988 Karstens Parkway,cfriedenbach11@ucoz.com,+62 (857) 629-7259,+66 (702) 386-7158,9037189539
Realcube,Mr,Nichol Sproson,567 Logan Way,nsproson12@apple.com,+46 (841) 991-0278,+30 (619) 246-4243,9267413619
Rhyzio,Mrs,Elden Irlam,5395 Vidon Terrace,eirlam13@ca.gov,+374 (467) 508-7574,+7 (719) 292-6769,6509622491
Rhynoodle,Ms,Noam Gailor,09422 Crowley Parkway,ngailor14@icq.com,+54 (808) 340-6659,+86 (285) 697-9709,1518785468
Fanoodle,Mr,Alisha Flaverty,96 Mayfield Junction,aflaverty15@comsenz.com,+62 (388) 456-6170,+7 (399) 636-0004,6104772366
Fliptune,Honorable,Lita Abrami,14 Mccormick Place,labrami16@wsj.com,+62 (733) 225-9948,+351 (952) 491-1962,5451990204
Zava,Dr,Rebecka Dysart,7797 Crest Line Terrace,rdysart17@blogger.com,+504 (532) 838-8484,+31 (298) 349-7849,2132770069
Rhyloo,Mrs,Muriel Levitt,3925 Mayer Way,mlevitt18@economist.com,+389 (546) 231-7827,+63 (680) 698-4140,6243391841
Quinu,Mrs,Mile Malthouse,2 Hermina Avenue,mmalthouse19@dion.ne.jp,+63 (474) 647-6951,+33 (192) 687-2369,9633950376
Voonte,Honorable,Donnamarie Ciccetti,4308 John Wall Circle,dciccetti1a@blogspot.com,+7 (675) 674-8751,+86 (837) 160-3659,4137906149
Voonyx,Dr,Mireille Seckom,8602 Nevada Center,mseckom1b@cpanel.net,+1 (918) 790-3483,+86 (287) 885-5784,2017824984
Photojam,Ms,Bert Fiander,9438 Basil Terrace,bfiander1c@irs.gov,+86 (994) 249-1113,+375 (412) 569-5722,4120659798
Thoughtmix,Mr,Hebert Dumphy,7815 Kipling Place,hdumphy1d@flickr.com,+233 (859) 987-0326,+375 (167) 643-5497,7510924146
Youtags,Mrs,Westleigh Camell,109 Troy Trail,wcamell1e@nytimes.com,+62 (743) 408-3835,+7 (900) 621-5585,7426160289
Oozz,Dr,Dom Stormont,35933 4th Way,dstormont1f@shop-pro.jp,+7 (604) 310-1136,+62 (495) 430-1353,1938318250
Realpoint,Mrs,Doloritas Scragg,4 South Park,dscragg1g@rakuten.co.jp,+48 (549) 718-6003,+86 (108) 348-9928,2260282032
Gigashots,Dr,Pippa Mathis,3381 Rusk Plaza,pmathis1h@arizona.edu,+63 (334) 539-4000,+420 (329) 251-9926,1096533456
Fanoodle,Ms,Tania Sandifer,091 Melvin Point,tsandifer1i@paypal.com,+54 (524) 793-6342,+298 (345) 464-4413,3304980091
Twitterwire,Mr,Vassili Pidwell,9 Troy Lane,vpidwell1j@goodreads.com,+62 (897) 331-9911,+351 (784) 873-9490,1028645872
Rhynoodle,Rev,Dallis McManamon,69 Lakeland Pass,dmcmanamon1k@vinaora.com,+86 (725) 941-5949,+62 (802) 159-6766,5457123367
Topicshots,Mrs,Taddeusz Marskell,6 Messerschmidt Court,tmarskell1l@utexas.edu,+48 (947) 680-7969,+420 (934) 704-9499,6340300170
Tagtune,Ms,Chic Burnitt,0683 Larry Alley,cburnitt1m@berkeley.edu,+7 (902) 421-8861,+63 (111) 497-5169,4443330216
Vinder,Dr,Shell Conre,65393 Crowley Junction,sconre1n@ucsd.edu,+55 (524) 968-6515,+381 (379) 621-0779,2373579510
Ntag,Honorable,Moyna Guirard,11 Homewood Trail,mguirard1o@hp.com,+380 (553) 781-7883,+593 (344) 190-6004,2480137163
Twitterbeat,Mr,Sammy Chapple,880 Del Mar Trail,schapple1p@forbes.com,+86 (843) 624-4366,+30 (279) 300-6117,6025057648
JumpXS,Rev,Isadora Lowseley,77187 Kipling Avenue,ilowseley1q@upenn.edu,+86 (291) 952-2597,+62 (927) 972-3412,9251492808
Voonte,Mrs,Rossie Deetlefs,29578 Forest Parkway,rdeetlefs1r@edublogs.org,+31 (148) 191-9813,+374 (419) 635-8319,7493803617
Oba,Rev,Virginie Kleinplac,7 South Trail,vkleinplac1s@nasa.gov,+995 (782) 373-0740,+84 (481) 274-9668,8262859855
Topdrive,Dr,Charlena De Domenico,8091 Linden Crossing,cde1t@huffingtonpost.com,+351 (627) 194-8229,+976 (400) 582-0252,5025039827
Wordpedia,Dr,Derron Eary,79 Melby Court,deary1u@smh.com.au,+62 (566) 248-0777,+55 (465) 678-9883,1590220242
Tagcat,Rev,Trenna Mulmuray,74066 Schmedeman Parkway,tmulmuray1v@squarespace.com,+212 (710) 508-6469,+886 (117) 750-6061,5610096081
Yotz,Dr,Daron Telezhkin,08 Dryden Street,dtelezhkin1w@mashable.com,+55 (588) 911-1853,+251 (447) 234-3413,6421662765
Meevee,Dr,Krystyna Schoffler,6 Cambridge Parkway,kschoffler1x@businesswire.com,+420 (561) 115-4267,+58 (158) 482-2057,5546621923
Linkbridge,Honorable,Kalinda Verrill,82326 Superior Road,kverrill1y@nih.gov,+7 (259) 192-7665,+55 (433) 723-8746,6532042757
Eamia,Honorable,Bibbye Featherstonehaugh,7 4th Avenue,bfeatherstonehaugh1z@ed.gov,+502 (526) 918-7450,+86 (874) 190-2143,3702927433
LiveZ,Ms,Marylynne Duval,3199 Lunder Hill,mduval20@is.gd,+86 (358) 482-7289,+52 (915) 469-6929,0071893709
Twiyo,Mr,Goldina Matussov,8 Paget Pass,gmatussov21@addtoany.com,+7 (195) 270-0850,+55 (655) 454-1233,7246782478
Youtags,Honorable,Benoit Whitmarsh,682 Debs Hill,bwhitmarsh22@tamu.edu,+62 (706) 804-1785,+420 (503) 953-9490,7185660394
Browseblab,Dr,Frederigo Berthelet,3 Schmedeman Hill,fberthelet23@1688.com,+92 (944) 672-9269,+353 (827) 781-8745,8732628048
Avaveo,Rev,Winny Rouke,059 Hoffman Drive,wrouke24@irs.gov,+7 (388) 117-5988,+226 (413) 965-3937,8422301520
Topdrive,Ms,Salem Hinnerk,5605 Artisan Point,shinnerk25@springer.com,+33 (264) 938-6356,+505 (536) 463-6546,7004354393
Yodel,Rev,Cherin McGlew,153 Rieder Court,cmcglew26@ftc.gov,+689 (845) 143-1243,+86 (754) 132-7038,9730425973
Katz,Honorable,Adelice Dakhno,1 Magdeline Junction,adakhno27@huffingtonpost.com,+62 (861) 339-9716,+62 (998) 954-9541,0441875114
Kanoodle,Honorable,Lorenza Crean,6 Farwell Junction,lcrean28@stumbleupon.com,+66 (627) 566-9296,+235 (136) 644-7129,5203765952
Demimbu,Honorable,Janessa Rijkeseis,5 Parkside Avenue,jrijkeseis29@opera.com,+55 (455) 191-7287,+55 (187) 631-3986,4088351843
Eimbee,Rev,Bobbi Dandison,94 Crownhardt Drive,bdandison2a@quantcast.com,+95 (819) 570-3901,+1 (758) 379-1527,5119710999
Brainlounge,Dr,Chrystel Linford,7 Miller Terrace,clinford2b@amazon.com,+351 (444) 546-0625,+33 (801) 213-1989,5951225892
Linktype,Dr,Goldi Hounsham,34514 Schurz Place,ghounsham2c@goodreads.com,+86 (270) 229-0069,+33 (602) 893-6712,2897474904
Kayveo,Ms,Dian Giuroni,81566 Golden Leaf Place,dgiuroni2d@gnu.org,+62 (893) 728-8328,+7 (550) 300-2489,9254537349
Zoomdog,Mrs,Vania Ivison,87 Everett Hill,vivison2e@china.com.cn,+86 (428) 547-8052,+380 (503) 970-8817,7338852901
Mycat,Rev,Kenneth Goby,95 Oak Crossing,kgoby2f@patch.com,+1 (824) 700-6433,+62 (818) 326-0606,5264247285
Tazzy,Mr,Opaline Heigold,81 Porter Hill,oheigold2g@a8.net,+7 (979) 207-9790,+55 (656) 727-8327,1866110403
Avavee,Dr,Benedict Crat,92927 Kenwood Center,bcrat2h@fema.gov,+52 (216) 418-8880,+86 (261) 225-4579,7229045282
Pixope,Dr,Johann Thoresby,88 Corben Junction,jthoresby2i@themeforest.net,+970 (342) 826-3792,+33 (734) 186-4737,3381355333
Talane,Dr,Johannah Maycock,407 Ramsey Court,jmaycock2j@marketwatch.com,+48 (962) 276-9249,+86 (454) 903-9959,8636345057
Flipstorm,Mr,Rosa Larrat,75 David Place,rlarrat2k@vkontakte.ru,+7 (789) 118-3772,+86 (433) 271-3953,2085761933
Gabvine,Ms,Mart Fellenor,54033 Bluestem Alley,mfellenor2l@oakley.com,+7 (446) 866-8200,+255 (191) 732-6021,1688288139
Centidel,Dr,Evangelin Barratt,68 Hoard Alley,ebarratt2m@vimeo.com,+63 (667) 597-6128,+249 (454) 754-2855,3003456555
Feedspan,Mr,Reube Fulkes,2 7th Park,rfulkes2n@constantcontact.com,+7 (143) 286-4820,+57 (876) 145-6230,8976372239
Thoughtbeat,Mr,Kerry Cutbirth,8364 Mayfield Court,kcutbirth2o@cbsnews.com,+86 (743) 786-4204,+420 (686) 590-4279,1006694781
Avamba,Ms,Loretta MacKill,2 Daystar Trail,lmackill2p@ox.ac.uk,+82 (652) 112-9652,+420 (557) 633-2723,8437741467
Jabbercube,Dr,Carmel Gantley,72 Sunbrook Circle,cgantley2q@free.fr,+7 (794) 530-5224,+86 (559) 976-2598,5979724672
Aimbo,Rev,Kippy Bogace,22634 Heffernan Lane,kbogace2r@mail.ru,+351 (557) 529-4840,+33 (511) 652-3045,3191254633
